University,Alumni Employability Rank
"Harvard University
  ,CWUR Rating System:   ,Education: A+; Employability: A+; Faculty: A+; Research: A+
  ",1
"Massachusetts Institute of Technology
  ,Education: A+; Employability: A+; Faculty: A+; Research: A+
  ",12
"Stanford University
  ,Education: A+; Employability: A+; Faculty: A+; Research: A+
  ",4
"University of Cambridge
  ,Education: A+; Employability: A; Faculty: A+; Research: A+
  ",25
"University of Oxford
  ,Education: A+; Employability: A; Faculty: A+; Research: A+
  ",27
"Princeton University
  ,Education: A+; Employability: A; Faculty: A+; Research: A
  ",16
"University of Chicago
  ,Education: A+; Employability: A; Faculty: A; Research: A
  ",15
"Columbia University
  ,Education: A+; Employability: A; Faculty: A+; Research: A
  ",14
"University of Pennsylvania
  ,Education: A; Employability: A+; Faculty: A; Research: A+
  ",8
"Yale University
  ,Education: A+; Employability: A; Faculty: A; Research: A
  ",35
"California Institute of Technology
  ,Education: A+; Employability: A; Faculty: A+; Research: A
  ",96
"University of California, Berkeley
  ,Education: A+; Employability: A; Faculty: A+; Research: A
  ",59
University of Tokyo,6
Cornell University,29
Northwestern University,17
"University of Michigan, Ann Arbor",40
Johns Hopkins University,192
"University of California, Los Angeles",63
University College London,664
Duke University,49
PSL University,31
University of Illinois at Urbana–Champaign,143
University of Toronto,163
New York University,45
University of Washington,227
McGill University,109
Kyoto University,32
University of Wisconsin–Madison,102
Imperial College London,123
ETH Zurich,88
Seoul National University,22
Paris-Saclay University,137
"University of California, San Diego",1520
University of Texas at Austin,64
University of Copenhagen,379
"University of California, San Francisco",1554
University of North Carolina at Chapel Hill,92
Karolinska Institute,-
Paris City University,958
King's College London,505
Sorbonne University,324
Dartmouth College,18
Washington University in St. Louis,144
Tsinghua University,56
Institut Polytechnique de Paris,9
Ludwig Maximilian University of Munich,254
University of Minnesota - Twin Cities,318
University of Edinburgh,473
Peking University,58
University of Manchester,417
University of British Columbia,554
"University of California, Davis",526
University of Southern California,133
Pennsylvania State University,171
University of Chinese Academy of Sciences,1304
Vanderbilt University,89
University of Melbourne,411
Free University of Berlin,1123
Humboldt University of Berlin,1532
Ohio State University,294
Rockefeller University,-
Rutgers University,150
University of Zurich,578
Brown University,55
Purdue University,91
University of Colorado Boulder,169
Georgia Institute of Technology,165
Heidelberg University,1012
"Texas A&M University, College Station",129
Hebrew University of Jerusalem,346
University of Virginia,37
Utrecht University,481
University of Texas Southwestern Medical Center,-
Shanghai Jiao Tong University,140
University of Pittsburgh,208
University of Alberta,488
Uppsala University,412
Technical University of Munich,368
"University of Maryland, College Park",387
University of Amsterdam,689
National University of Singapore,181
"University of California, Irvine",1229
University of Oslo,798
University of Birmingham,486
Zhejiang University,351
University of Florida,426
Weizmann Institute of Science,-
Leiden University,1068
Fudan University,93
Boston University,111
University of Rochester,70
University of Sydney,627
University of Bristol,430
Erasmus University Rotterdam,68
University of Arizona,237
École Polytechnique Fédérale de Lausanne,83
University of Göttingen,369
"University of California, Santa Barbara",535
Carnegie Mellon University,113
Osaka University,74
Aarhus University,296
National Taiwan University,41
Keio University,13
University of New South Wales,120
University of Queensland,669
University of Groningen,586
KU Leuven,414
University of Leeds,458
University of São Paulo,381
University of Geneva,480
University of Basel,305
University of Texas MD Anderson Cancer Center,-
University of Tübingen,926
Indiana University Bloomington,94
University of Bonn,494
Sapienza University of Rome,502
University of Utah,202
Nagoya University,211
University of Science and Technology of China,261
INSEAD,2
Monash University,532
University of Montreal,517
Sun Yat-sen University,334
Ghent University,558
University of Southampton,293
University of Helsinki,788
Huazhong University of Science and Technology,167
Australian National University,518
University of Glasgow,397
University of Freiburg,230
Emory University,270
Baylor College of Medicine,-
Nanyang Technological University,829
University of Barcelona,631
University of Strasbourg,1377
University of Liverpool,522
University of Bern,1113
Goethe University Frankfurt,790
University of Nottingham,553
KTH Royal Institute of Technology,51
Lund University,460
Case Western Reserve University,297
Tohoku University,151
University of Colorado Anschutz Medical Campus,-
University of Iowa,268
Stockholm University,226
Nanjing University,353
VU Amsterdam,1255
Grenoble Alpes University,1067
University of Western Australia,552
Michigan State University,195
University of Sheffield,655
Tufts University,69
Tel Aviv University,130
Queen Mary University of London,699
Cardiff University,365
Aix-Marseille University,929
University of Hong Kong,170
Korea University,76
Yonsei University,106
Radboud University,693
Newcastle University,596
Xi'an Jiaotong University,158
Icahn School of Medicine at Mount Sinai,-
Tokyo Institute of Technology,105
University of Montpellier,1263
Rice University,122
University of Gothenburg,407
University of Massachusetts Amherst,276
Wuhan University,349
University of Padova,1474
University of Hamburg,546
Chinese University of Hong Kong,1337
McMaster University,812
Tianjin University,146
Technion – Israel Institute of Technology,457
University of Warwick,182
Norwegian University of Science and Technology,510
Xiamen University,78
University of Milan,567
Wageningen University & Research,807
Iowa State University,142
University of Notre Dame,39
Harbin Institute of Technology,541
University of Bologna,792
Arizona State University,591
University of Cologne,223
Western University,80
University of Alabama at Birmingham,1085
Autonomous University of Barcelona,-
Shandong University,1171
University of Lausanne,711
Sichuan University,1014
Sungkyunkwan University,225
University of Calgary,234
North Carolina State University,437
Technical University of Denmark,848
University of Vienna,503
University of Connecticut,389
Tongji University,186
Stony Brook University,-
University of Lisbon,1305
Central South University,265
University of Waterloo,220
University of Münster,819
South China University of Technology,314
University of Adelaide,936
London School of Hygiene & Tropical Medicine,-
University of Kansas,528
Nankai University,117
Institut national du service public,3
University of Ottawa,482
University of Georgia,290
RWTH Aachen University,194
Hong Kong University of Science and Technology,566
Johannes Gutenberg University Mainz,-
Lomonosov Moscow State University,404
Jilin University,367
Technical University of Dresden,1489
Waseda University,26
Université catholique de Louvain,538
Southeast University,802
The Scripps Research Institute,-
"University of Tennessee, Knoxville",559
Georgetown University,43
University of Würzburg,1152
University of Turin,1115
KAIST,127
University of Erlangen–Nuremberg,847
University of Missouri–Columbia,245
Hokkaido University,239
Kiel University,1129
"Soochow University, China",-
Université libre de Bruxelles,358
University of Naples Federico II,758
University of Miami,228
University of Sussex,576
Charles University in Prague,1298
Brandeis University,256
University of Illinois at Chicago,777
University of Cincinnati,263
Karlsruhe Institute of Technology,281
Claude Bernard University Lyon 1,882
Hong Kong Polytechnic University,322
King Abdulaziz University,1330
Kyushu University,132
Trinity College Dublin,90
University of Leicester,1396
Complutense University of Madrid,187
Yeshiva University,-
City University of Hong Kong,1037
"University of California, Riverside",-
University of Reading,134
Beihang University,914
University of Exeter,773
University of Texas Health Science Center at Houston,-
Paul Sabatier University,-
Maastricht University,1364
University of Bordeaux,1071
Colorado State University,1412
University of Houston,184
Wake Forest University,67
Delft University of Technology,419
University of Florence,765
Virginia Commonwealth University,971
Dalian University of Technology,282
University of Cape Town,224
University of Auckland,465
Oregon Health & Science University,-
Virginia Tech,327
University of Genoa,1191
University of Pisa,1236
Oregon State University,509
China Europe International Business School,5
Leipzig University,-
National Autonomous University of Mexico,1593
P.N. Lebedev Physical Institute of the Russian Academy of Sciences,-
National and Kapodistrian University of Athens,565
King Abdullah University of Science and Technology,-
HEC Paris,7
University of Tsukuba,-
University of Manitoba,308
University of Lorraine,498
University of East Anglia,-
University of Valencia,1504
University of Bergen,-
George Washington University,147
University College Dublin,269
Medical University of Vienna,-
University of the Witwatersrand,98
Autonomous University of Madrid,1089
University of Antwerp,434
Beijing Institute of Technology,844
University of Electronic Science and Technology of China,633
Florida State University,515
University of Liège,-
University of Southern Denmark,1650
Hunan University,569
Laval University,354
Zhengzhou University,1164
University of Massachusetts Medical School,-
Washington State University,1036
"University of Maryland, Baltimore",-
Beijing Normal University,1172
University at Buffalo,625
"University of California, Santa Cruz",1299
University of Aberdeen,799
University of Delaware,438
University of Porto,766
University of Kentucky,529
University of Pavia,841
Hanyang University,198
University of Lille,-
University of South Florida,856
University of Duisburg-Essen,904
Chongqing University,432
National Yang Ming Chiao Tung University,214
Ruhr University Bochum,436
University of Nebraska–Lincoln,385
Wayne State University,440
Shenzhen University,826
University of New Mexico,-
Northeastern University,197
University of York,-
Queen's University,378
China Agricultural University,1317
London School of Economics and Political Science,85
Friedrich Schiller University Jena,-
Polytechnic University of Milan,431
Ulm University,1103
Northwestern Polytechnical University,614
École des ponts ParisTech,23
Curtin University,1155
Lanzhou University,1011
Durham University,372
University of Granada,-
University of Technology Sydney,911
Umeå University,1212
University of Rome Tor Vergata,1658
University of Milano-Bicocca,-
Lancaster University,647
Islamic Azad University,-
Southern Methodist University,33
University of Campinas,1665
Macquarie University,524
University of Düsseldorf,-
University of the Basque Country,1118
Dalhousie University,359
Versailles Saint-Quentin-en-Yvelines University,-
Aalto University,207
University of South Carolina - Columbia,629
King Saud University,344
Temple University,600
Eindhoven University of Technology,942
East China Normal University,364
Aalborg University,921
Peking Union Medical College,-
Capital Medical University,-
University of Science and Technology Beijing,200
Nantes University,1679
National Cheng Kung University,145
University of Belgrade,-
Ben-Gurion University of the Negev,-
Drexel University,267
Queen's University Belfast,1046
University of St Andrews,875
Deakin University,1097
Hannover Medical School,-
University of Dundee,993
Vrije Universiteit Brussel,1688
Simon Fraser University,1165
Linköping University,644
Queensland University of Technology,1142
Technical University of Catalonia (UPC),583
East China University of Science and Technology,1470
Federal University of Rio de Janeiro,474
University of Otago,933
Griffith University,1439
Kyung Hee University,922
University of Wollongong,704
Albert Einstein College of Medicine,-
University of Buenos Aires,1450
Jagiellonian University,-
Louisiana State University,277
Technical University of Berlin,636
University of Parma,1056
University of Turku,1629
University of Malaya,563
University of Marburg,1635
Pontifical Catholic University of Chile,209
Pohang University of Science and Technology,-
Chalmers University of Technology,249
Justus Liebig University Giessen,-
University of Saskatchewan,575
University of Newcastle,1313
University of Perugia,-
University of Tasmania,-
University Paris-Est Créteil,989
Nanjing Agricultural University,1281
Nanjing Medical University,-
University of Innsbruck,770
Pompeu Fabra University,1147
Swedish University of Agricultural Sciences,1183
University of Victoria,1314
"University of Oklahoma, Norman",413
International Institute for Management Development,10
Medical University of South Carolina,-
City College of New York,533
University of Warsaw,837
University of Seville,1701
Shanghai University,1054
Nanjing University of Science and Technology,639
National Research Center «Kurchatov Institute»,-
Kyungpook National University,1026
University of Bari,1683
University of Regensburg,1013
University of Ulsan,732
Northwest A&F University,1644
Indian Institute of Management Ahmedabad,11
University of Coimbra,1347
University of Oregon,-
Beijing University of Chemical Technology,1315
National Tsing Hua University,815
São Paulo State University,-
"University at Albany, SUNY",731
University of Rennes 1,-
Catholic University of the Sacred Heart,1346
University of Ljubljana,-
Aristotle University of Thessaloniki,1499
University of Côte d'Azur,-
Southern University of Science and Technology,-
Tampere University,597
Huazhong Agricultural University,1340
Jinan University,626
University of Texas at Dallas,615
Vienna University of Technology,548
University of Twente,1110
University of Chile,690
Wuhan University of Technology,960
University of Clermont Auvergne,-
Thomas Jefferson University,-
Texas Tech University,540
University of Bath,579
Pusan National University,323
Nanjing University of Aeronautics and Astronautics,1163
"Northeastern University, China",450
Chonnam National University,1239
University of Mississippi,-
Kobe University,415
Stellenbosch University,210
York University,329
Indiana University – Purdue University Indianapolis,822
Amherst College,46
Tulane University,328
Xidian University,1045
Vita-Salute San Raffaele University,-
University of Trento,-
Stockholm School of Economics,19
RMIT University,1035
Jiangsu University,1434
University of Oulu,634
Chulalongkorn University,108
Saint Louis University,361
Kansas State University,511
Hiroshima University,903
University of Alabama - Tuscaloosa,221
Federal University of Rio Grande do Sul,1486
Martin Luther University Halle-Wittenberg,-
University of Trieste,999
University of Navarra,125
La Trobe University,1135
Fuzhou University,750
Syracuse University,160
George Mason University,1525
University of Vermont,455
Western Sydney University,1438
Medical College of Wisconsin,-
University of KwaZulu-Natal,360
Florida International University,1480
University of Central Florida,976
University of Eastern Finland,-
University of Catania,1675
University of Louisville,833
University of Surrey,495
Ulsan National Institute of Science and Technology,-
University of Guelph,1057
University of Santiago de Compostela,895
Lehigh University,62
Antioch College,-
University of Tehran,-
University of Texas Health Science Center at San Antonio,-
Southwest University,1477
University of Strathclyde,376
Indian Institute of Science,884
James Cook University,1222
Novosibirsk State University,1512
Nanjing Tech University,1482
University of Stuttgart,370
Southern Medical University,-
Okayama University,742
West Virginia University,377
Nanjing University of Information Science and Technology,-
Federal University of Minas Gerais,561
University of Ferrara,-
University of Hawaii at Manoa,1310
Technical University of Darmstadt,487
University of Siena,1456
Leibniz University Hannover,679
University of Potsdam,-
Moscow Institute of Physics and Technology,620
University of Zaragoza,1131
Baylor University,433
University of Tennessee Health Science Center,-
"China Medical University, Taiwan",-
Jiangnan University,1483
Rush University,-
Eötvös Loránd University,-
University of Rostock,-
NOVA University of Lisbon,-
Cairo University,1078
Polytechnic University of Valencia,1405
École normale supérieure de Lyon,-
Mayo Clinic College of Medicine and Science,-
Technical University of Dortmund,-
University of Tromsø – The Arctic University of Norway,1581
University of Modena and Reggio Emilia,905
University of South Australia,477
University of Zagreb,1421
University of Tartu,-
Flinders University,-
University of Colorado Denver,-
Polytechnic University of Madrid,574
University of Hull,337
University College Cork,649
Georgia State University,825
Boston College,112
Rovira i Virgili University,1357
Beijing Jiaotong University,1328
Carleton University,1388
University of Oviedo,924
North China Electric Power University,315
University of Verona,-
University of Konstanz,1537
Institut Agro,-
Joint Institute for Nuclear Research,-
Oklahoma State University,483
Ocean University of China,1473
Mahidol University,1653
Scuola Normale Superiore di Pisa,-
University of Bremen,-
Qingdao University,-
"Royal Holloway, University of London",1107
University of Arkansas - Fayetteville,335
Indian Institute of Technology Bombay,280
Colorado School of Mines,75
Auburn University,257
University of Pretoria,707
Nanjing Normal University,982
Bar-Ilan University,599
Masaryk University,-
Hefei University of Technology,937
University of Macau,628
University of Canterbury,456
Saint Petersburg University,422
Nanchang University,1025
Guangdong University of Technology,1431
Savoie Mont Blanc University,-
Central China Normal University,1203
Medical University of Graz,-
Indian Institute of Technology Madras,174
Zhejiang University of Technology,1139
Swansea University,1339
Renmin University of China,82
Medical University of Innsbruck,-
Bocconi University,48
Clemson University,919
China University of Geosciences (Wuhan),658
National Technical University of Athens,787
Yangzhou University,1689
Tata Institute of Fundamental Research,-
Polytechnic University of Turin,896
Federal University of São Paulo,-
University of Aveiro,-
Brunel University London,646
University of Jyväskylä,1590
Chiba University,-
Swinburne University of Technology,-
Hitotsubashi University,20
Donghua University,1137
Chang Gung University,-
Palacký University Olomouc,-
University of Palermo,-
Osaka Metropolitan University,435
University of Graz,1303
University of Minho,-
Southwest Jiaotong University,888
Gustave Eiffel University,-
San Diego State University,445
Tianjin Medical University,-
Ewha Womans University,-
University of Sherbrooke,1020
AGH University of Science and Technology,955
University of Iceland,-
University of Salerno,1509
Rensselaer Polytechnic Institute,153
University of Texas at Arlington,796
Indian Institute of Technology Delhi,124
Beijing University of Technology,-
University of Brescia,-
University of Nebraska Medical Center,-
Tehran University of Medical Sciences,-
Illinois Institute of Technology,183
Naval Medical University,-
University of St.Gallen,28
National University of Defense Technology,1166
National Central University,-
National Research Nuclear University MEPhI,-
Brigham Young University,759
University of Wisconsin–Milwaukee,507
Concordia University,352
University of Delhi,217
Guangzhou Medical University,-
University of Burgundy,-
Utah State University,1007
Chung-Ang University,1161
University of Cagliari,-
Middle East Technical University,319
University of Johannesburg,1086
South China Normal University,1193
"Institute of Cancer Research, University of London",-
Jeonbuk National University,-
Catholic University of Korea,-
University of Caen Normandy,-
Swarthmore College,286
Ioffe Physical-Technical Institute of the Russian Academy of Sciences,-
Hohai University,1256
Czech Technical University in Prague,-
Hacettepe University,-
University of Eastern Piedmont,-
University of Udine,1583
University of Québec at Montreal,967
College of William & Mary,101
Konkuk University,1146
Loughborough University,1598
"St George's, University of London",-
South China Agricultural University,1696
University of La Laguna,-
Memorial University of Newfoundland,845
University of Cantabria,1591
Bielefeld University,1463
University of Bayreuth,1138
University of Campania Luigi Vanvitelli,-
University of Málaga,-
University of New Hampshire,491
China University of Mining and Technology (Xuzhou),581
University of Texas at San Antonio,-
King Fahd University of Petroleum and Minerals,107
Shaanxi Normal University,-
"Northwest University, Xi'an",1169
University of Haifa,959
Comenius University in Bratislava,-
"China University of Geosciences, Beijing",1582
National Polytechnic Institute,-
CINVESTAV,-
Ankara University,858
Sharif University of Technology,-
University of Kent,913
University of Galway,1603
Semmelweis University,-
Henryk Niewodniczański Institute of Nuclear Physics,-
"University of Nevada, Reno",1241
Army Medical University,-
ShanghaiTech University,-
Tilburg University,398
Hong Kong Baptist University,1566
Sejong University,-
Nanjing University of Posts and Telecommunications,743
Boğaziçi University,467
University of Plymouth,1640
Wenzhou Medical University,-
University of Fribourg,287
University of Angers,-
National University of La Plata,1575
University of Oklahoma Health Sciences Center,-
Northeast Normal University,1464
Taipei Medical University,-
Istanbul University,1154
Beijing University of Posts and Telecommunications,504
Yokohama City University,190
University of Maine,1214
University of Wyoming,834
COMSATS University Islamabad,-
Shanxi University,1657
Institut national des sciences appliquées de Lyon,1232
Sciences Po,61
Rio de Janeiro State University,1257
University of North Texas,748
Oswaldo Cruz Foundation,-
Tokyo Medical and Dental University,-
Heriot-Watt University,531
Binghamton University,325
Haverford College,915
Harbin Medical University,-
Victoria University of Wellington,864
Guangxi University,-
Chungnam National University,1492
Cold Spring Harbor Laboratory,-
University of Szeged,-
Shinshu University,1559
University of Poitiers,-
Massey University,910
Roma Tre University,-
Loyola University Chicago,1031
American University of Beirut,213
Inha University,783
University of Jinan,1410
University of Texas Medical Branch,-
Federal University of Santa Catarina,1343
"University of Natural Resources and Life Sciences, Vienna",-
University of Missouri-Kansas City,557
Indian Institute of Technology Kharagpur,466
Shandong University of Science and Technology,809
Warsaw University of Technology,946
University of Salamanca,890
Central Party School of the Communist Party of China,21
Mississippi State University,427
"China Medical University, PRC",-
Vilnius University,-
Otto von Guericke University Magdeburg,1558
Kanazawa University,632
University of Calabria,-
University of Massachusetts Boston,1293
Montana State University - Bozeman,1428
Air Force Medical University,-
Istanbul Technical University,908
University of Ioannina,-
Yeungnam University,448
National Chung Hsing University,229
Chongqing Medical University,-
Beijing Forestry University,-
Henan University,-
Saarland University,493
Quaid-i-Azam University,-
Isfahan University of Technology,-
Anhui University,927
Tokyo Metropolitan University,1184
"Birkbeck, University of London",-
Toulouse INP,278
University of Murcia,-
Ningbo University,1180
Ajou University,1167
China University of Petroleum (East China),601
University of Debrecen,-
Budker Institute of Nuclear Physics of the Siberian Branch of the Russian Academy of Sciences,-
University of Castilla–La Mancha,-
Kumamoto University,768
"University of Córdoba, Spain",-
University of Arkansas for Medical Sciences,-
Panjab University,744
University of Cyprus,-
International School for Advanced Studies,-
Kangwon National University,1678
Bangor University,764
Augusta University,-
Harbin Engineering University,-
Federal University of Paraná,1441
University of Essex,665
Niigata University,830
Örebro University,996
Tarbiat Modares University,-
University of Crete,-
Ain Shams University,-
Kitasato University,-
National Research University Higher School of Economics,-
National University of Colombia,872
Kaohsiung Medical University,-
University of Girona,-
Shandong Normal University,-
University of Alaska Fairbanks,867
University of Lübeck,-
Tokyo University of Science,747
Technical University of Braunschweig,1125
University of Idaho,-
Marche Polytechnic University,-
"Putra University, Malaysia",1618
Amirkabir University of Technology,-
"University of the Andes, Colombia",452
Courtauld Institute of Art,-
Tomsk State University,-
Kent State University,-
University of Messina,-
"University of Maryland, Baltimore County",-
Norwegian University of Life Sciences,1061
"University of Science, Malaysia",-
University of Salento,-
University of the Balearic Islands,-
Northern Arizona University,1082
University of Hohenheim,-
Shandong First Medical University & Shandong Academy of Medical Sciences,-
China University of Petroleum-Beijing,737
University of Vigo,-
"Graduate School, GRINM",24
University of Rhode Island,572
Carl von Ossietzky University of Oldenburg,-
National Taiwan University of Science and Technology,660
University of Greifswald,-
University of North Carolina at Charlotte,763
Nanjing Forestry University,-
Anhui Medical University,-
University of Alcalá,1642
Guangzhou University,935
Institute for Nuclear Research of the Russian Academy of Sciences,-
Hangzhou Normal University,1637
SUNY Downstate Medical Center,-
Adam Mickiewicz University in Poznań,-
Qingdao University of Science and Technology,1300
Gyeongsang National University,-
University of Montana,-
National Centre for Nuclear Research,-
Gwangju Institute of Science and Technology,-
"Open University, UK",1710
Northumbria University,793
Indian Institute of Technology Kanpur,345
University of Patras,-
Dongguk University,499
Liverpool John Moores University,-
China Pharmaceutical University,1074
University of Shanghai for Science and Technology,-
"University of Nevada, Las Vegas",831
University of Luxembourg,-
Ohio University,395
Centrale Lille Institut,100
National University of Malaysia (UKM),-
University of Wuppertal,-
Toronto Metropolitan University,1681
University of Concepción,-
University of Split,-
Cranfield University,206
Fujian Agriculture and Forestry University,-
"University of Technology, Malaysia",-
"University of California, Merced",-
Hasselt University,797
Taiyuan University of Technology,1392
London Business School,44
Graduate University for Advanced Studies,-
Carlos III University of Madrid,-
National Sun Yat-sen University,1179
Murdoch University,934
University of L'Aquila,-
Yerevan Physics Institute,-
Kunming University of Science and Technology,-
Miami University,110
Shandong Agricultural University,-
University of Alicante,-
Graz University of Technology,-
Henan Normal University,-
University of Brasília,1081
Juntendo University,-
USI - University of Italian Speaking Switzerland,-
Indian Institute of Technology Roorkee,303
"City, University of London",588
Addis Ababa University,-
University of Basilicata,-
Peter the Great St. Petersburg Polytechnic University,917
University of Siegen,1615
Academy of Scientific & Innovative Research,-
Zhejiang Normal University,-
University of Brighton,-
University of Toledo,-
University of Wrocław,1475
Qatar University,930
Polytechnic University of Bari,-
Getúlio Vargas Foundation,34
Belarusian State University,-
Jawaharlal Nehru University,-
Uniformed Services University of the Health Sciences,-
Yanshan University,1211
Federal University of Pernambuco,1265
Old Dominion University,-
Hunan Normal University,-
Northern Illinois University,836
Nagasaki University,523
Kindai University,-
University of Insubria,-
University of Orléans,1622
University of Portsmouth,1185
North-West University,1685
Tokushima University,740
University of Denver,196
University of Tours,-
Mansoura University,-
Khalifa University,-
Banaras Hindu University,700
Federico Santa María Technical University,1038
Gachon University,-
Medical University of Warsaw,-
Sichuan Agricultural University,-
Sorbonne Paris Nord University,-
Wroclaw Medical University,-
"All India Institute of Medical Sciences, New Delhi",-
Yunnan University,1654
Shahid Beheshti University of Medical Sciences,-
Hangzhou Dianzi University,1279
University of Stirling,624
Fujian Medical University,-
Aberystwyth University,918
Benemérita Autonomous University of Puebla,-
Jaume I University,-
Chungbuk National University,1589
Xiangtan University,1008
New Mexico State University,692
University of Valladolid,1158
Chiang Mai University,1674
Claremont McKenna College,36
Gabriele d’Annunzio University,-
Nantong University,-
Inje University,-
New Jersey Institute of Technology,641
"University of Science and Technology, Korea",-
University of Limerick,598
Shizuoka University,973
Brazilian Center for Research in Physics (CBPF),-
Babeș-Bolyai University,-
Jawaharlal Nehru Centre for Advanced Scientific Research,-
Keele University,1427
Iran University of Science and Technology,-
Missouri University of Science and Technology,406
Wesleyan University,57
King Juan Carlos University,-
Jean Monnet University,-
Ivane Javakhishvili Tbilisi State University,-
Qufu Normal University,-
Michigan Technological University,859
Homi Bhabha National Institute,-
Ege University,-
Federal University of Viçosa,-
"University of the Republic, Uruguay",1707
Indian Institute of Technology Guwahati,-
University of Seoul,-
Meijo University,-
Polytechnic University of Bucharest,-
Shiraz University,-
Norwegian School of Economics,42
Aston University,570
Portland State University,421
Nihon University,1292
Budapest University of Technology and Economics,1302
Federal University of Ceará,1514
Federal University of São Carlos,-
Makerere University,1518
Macau University of Science and Technology,580
Sofia University,-
Mohammed V University,1698
ITMO University,-
Singapore University of Technology and Design,-
Edith Cowan University,1225
University of Mons,-
North Dakota State University,938
Capital Normal University,969
University of Sassari,-
Federal University of Pelotas,-
Paul Valéry University,-
East Carolina University,869
Çukurova University,1556
Bucknell University,52
University of Tabriz,-
Fluminense Federal University,980
Alexandria University,1712
Institut national de la recherche scientifique,-
Marmara University,-
Ferdowsi University of Mashhad,-
Australian Catholic University,1663
Gazi University,1316
Ulster University,1338
Oberlin College,-
Tunis El Manar University,-
Hallym University,-
Technical University of Kaiserslautern,1271
Southern Illinois University Carbondale,1565
Federal University of Rio Grande do Norte,-
Fujian Normal University,-
Johannes Kepler University Linz,871
Shanghai Normal University,1384
Zhejiang Sci-Tech University,1367
University of Akron,794
Federal University of ABC,-
University of Memphis,416
INSA Toulouse,619
National University of Córdoba,-
University of Windsor,203
Cheung Kong Graduate School of Business,30
University of Naples Parthenope,-
Shanghai University of Finance and Economics,99
University of Western Brittany,-
University of Extremadura,-
Hebei University of Technology,1394
Villanova University,149
University of Regina,1579
Colgate University,50
Shantou University,-
Tokai University,-
Babson College,38
Victoria University,-
University of Hyogo,-
Wrocław University of Science and Technology,947
University of Texas at El Paso,972
Guizhou University,1108
Medical University of Lodz,-
American University,386
Hubei University,1449
Royal College of Surgeons in Ireland,-
Federal University of Juiz de Fora,1601
Federal University of Bahia,1246
University of A Coruña,1266
University of Antioquia,1333
University of Picardie Jules Verne,1490
University of Louisiana at Lafayette,-
Miguel Hernández University of Elche,-
Nanjing University of Chinese Medicine,-
Nicolaus Copernicus University,-
Chang'an University,1294
L.D. Landau Institute for Theoretical Physics of the Russian Academy of Sciences,-
Auckland University of Technology,-
Ritsumeikan University,661
Hainan University,-
Tianjin University of Technology,1642
Bilkent University,940
Pomona College,985
Gifu University,681
Qilu University of Technology,1634
University of Mannheim,735
Lappeenranta University of Technology,663
Tiangong University,-
Cadi Ayyad University,-
Pepperdine University,84
Sanford Burnham Prebys Medical Discovery Institute,-
National Taiwan Normal University,1284
Aga Khan University,-
Tokyo University of Agriculture and Technology,-
"University of New England, Australia",752
University of Franche-Comté,-
Autonomous University of San Luis Potosí,-
Federal University of Santa Maria,1080
University of Cádiz,-
Paracelsus Medical University,-
Hunter College,1359
Florida Atlantic University,-
Ehime University,1194
Manchester Metropolitan University,849
University of South Bohemia,-
Kazan Federal University,1691
Yıldız Technical University,984
Copenhagen Business School,199
Yamagata University,-
Okinawa Institute of Science and Technology,-
Institute of Science and Technology Austria,-
V.A. Engelhardt Institute of Molecular Biology of the Russian Academy of Sciences,-
Northeast Forestry University,-
Federal University of Goiás,-
Northeast Agricultural University,1178
University of Lleida,-
University of Upper Alsace,-
Rochester Institute of Technology,1092
Dalian Maritime University,1072
VetAgro Sup,-
Worcester Polytechnic Institute,154
Ramon Llull University,259
University of Thessaly,-
Tokyo Women's Medical University,-
National Taipei University of Technology,697
University of Toyama,691
Hunan Agricultural University,-
Luleå University of Technology,-
University of Southern Queensland,1145
SUNY Upstate Medical University,-
Florida Institute of Technology,800
"Asia University, Taiwan",-
Medical University of Gdańsk,-
Sogang University,539
University of Reims Champagne-Ardenne,939
Jiangsu Normal University,1466
Postgraduate Institute of Medical Education and Research,-
University of Canberra,1605
Koç University,-
University of Bucharest,-
Creighton University,-
University of Maribor,-
Paderborn University,1454
"Indian Institute of Science Education and Research, Pune",-
Nottingham Trent University,680
Wuhan University of Science and Technology,877
University of New Brunswick,784
Hebei University,950
Duy Tân University,-
Henan University of Science and Technology,1507
Kagoshima University,855
Charles Darwin University,-
Dublin City University,769
Brandenburg University of Technology,1251
Tomsk Polytechnic University,-
University of Urbino,1268
Shahid Beheshti University,-
Jichi Medical University,-
Hassan II University of Casablanca,-
Fordham University,232
Jadavpur University,1101
University of North Carolina at Greensboro,-
University of Kassel,-
Dankook University,1286
Gaziantep University,-
University of Jaén,-
Chuo University,77
University of Salzburg,694
University of Novi Sad,-
Huaqiao University,-
Wenzhou University,-
Changzhou University,1440
Carol Davila University of Medicine and Pharmacy,-
Dalian Medical University,-
University of Massachusetts Lowell,843
Toho University,-
University of Hertfordshire,-
Charles Sturt University,1366
Monterrey Institute of Technology and Higher Education,350
Czech University of Life Sciences Prague,-
Guangxi Medical University,-
Medical University of Silesia,-
Southwest Petroleum University,1060
Åbo Akademi University,-
Louisiana Tech University,348
Jiangxi Normal University,1531
Assiut University,1699
University of Calcutta,642
École nationale supérieure de chimie de Montpellier,-
Federal University of Mato Grosso do Sul,-
Manhattan College,118
Zhejiang A&F University,-
Pablo de Olavide University,-
Changsha University of Science and Technology,1672
Xi'an University of Technology,1181
Southwestern University of Finance and Economics,176
Soonchunhyang University,-
Gunma University,-
Ural Federal University,1187
IMT Atlantique,-
Skolkovo Institute of Science and Technology,-
Mohammed First University Oujda,-
"University of Veterinary Medicine, Vienna",-
National Institute of Public Health (INSP),-
University of Sfax,-
United States Naval Academy,179
Zagazig University,-
Marquette University,252
Teikyo University,-
Andrés Bello University,1684
Tôn Đức Thắng University,-
University of Augsburg,1432
National Defense Medical Center,-
Hebei Medical University,1542
University of the Free State,-
"University of Chemistry and Technology, Prague",-
Liverpool School of Tropical Medicine,-
University of Ibadan,-
University of Waikato,749
Mersin University,-
University of Pécs,-
Nagoya City University,881
Jiangsu University of Science and Technology,-
Metropolitan Autonomous University,1687
Institute of Mathematics of the National Academy of Sciences of Ukraine,-
University of Gdańsk,1053
University of Agriculture Faisalabad,-
Daegu Gyeongbuk Institute of Science and Technology,-
Aligarh Muslim University,1662
Southwest University of Science and Technology,1515
Shanghai University of Traditional Chinese Medicine,-
National University of Sciences and Technology,-
United Arab Emirates University,1602
Iran University of Medical Sciences,-
Dokuz Eylül University,-
Sechenov University,1616
Poznan University of Medical Sciences,-
Indian Agricultural Research Institute,1199
Anna University,1555
Loma Linda University,-
Gran Sasso Science Institute,-
Henan Agricultural University,1281
University of Western Cape,-
Pukyong National University,-
Kharkov Institute of Physics and Technology,-
Kyoto Prefectural University of Medicine,-
University of Évry Val d'Essonne,-
Sant'Anna School of Advanced Studies,-
South Dakota State University,-
University of Puerto Rico at Mayagüez,-
University of the Punjab,1713
San Francisco State University,885
Yamaguchi University,1524
Federal University of Paraíba,-
"Vietnam National University, Hanoi",1535
University of Neuchâtel,-
Santa Clara University,103
Khon Kaen University,-
Heilongjiang University,1530
University of Texas Rio Grande Valley,-
Federal University of Pará,-
University of Silesia in Katowice,-
Mie University,-
Visva-Bharati University,-
Federal University of Espírito Santo,-
Henan Polytechnic University,1253
Chemnitz University of Technology,1563
Chung Shan Medical University,-
Wuhan Institute of Technology,-
Coventry University,1133
Federal University of São João del-Rei,-
New York Medical College,-
Conservatoire national des arts et métiers,1502
Brno University of Technology,-
Nippon Medical School,-
Magna Graecia University of Catanzaro,-
Vellore Institute of Technology,-
Mashhad University of Medical Sciences,-
"California State University, Fresno",-
Tokyo Medical University,-
Wilfrid Laurier University,497
University of Las Palmas de Gran Canaria,-
Howard University,-
Anhui Normal University,-
Shaanxi University of Science and Technology,754
Rouen Normandy University,-
"University of the West of England, Bristol",-
China University of Mining and Technology-Beijing,1259
United States Military Academy,60
Nara Institute of Science and Technology,-
İzmir Institute of Technology,-
Ca' Foscari University of Venice,1309
University of Ghana,1680
Jikei University,-
Prince of Songkla University,-
Austral University of Chile,1076
Federal University of Uberlândia,-
Bournemouth University,1592
Xuzhou Medical University,-
Fu Jen Catholic University,659
University of South China,868
Guangxi Normal University,-
University of North Dakota,816
"California Polytechnic State University, San Luis Obispo",464
Oakland University,1604
Catholic University of America,1111
Stevens Institute of Technology,241
Fujita Health University,1354
University of Lodz,1371
Brock University,-
Albany Medical College,-
Keimyung University,1664
Federal University of Lavras,-
Yokohama National University,251
École centrale de Lyon,459
Bowdoin College,87
National Institute for Space Research (INPE),-
Sultan Qaboos University,-
Ibero-American University,244
University of Hyderabad,-
Tokat Gaziosmanpaşa University,-
Public University of Navarre,-
Maynooth University,-
Northwest Normal University,-
Tuscia University,-
Chongqing University of Posts and Telecommunications,-
University of the Sunshine Coast,-
Warsaw University of Life Sciences,-
Boise State University,1649
Texas State University,1546
Qingdao Agricultural University,-
Smith College,284
National University of Science and Technology MISiS,1306
Hofstra University,717
University of Algarve,-
Erciyes University,-
West University of Timișoara,-
Adıyaman University,-
University of Almería,-
Manipal Academy of Higher Education,1064
Guangzhou University of Chinese Medicine,-
Istanbul University-Cerrahpaşa,-
Indian Association for the Cultivation of Science,-
K. N. Toosi University of Technology,-
Maria Sklodowska-Curie National Research Institute of Oncology,-
Education University of Hong Kong,-
Jordan University of Science and Technology,-
Anhui Agricultural University,-
Xinjiang University,1344
University of Yamanashi,-
Liaocheng University,-
Isfahan University of Medical Sciences,-
Suez Canal University,-
Kasetsart University,1700
Rhodes University,808
Saitama Medical University,-
Campus Bio-Medico University,-
University of Greenwich,1436
University of Lincoln,-
Silesian University of Technology,1628
Hirosaki University,1130
University of León,-
State University of Maringá,-
Wright State University,-
Dong-A University,1106
King Saud bin Abdulaziz University for Health Sciences,-
China Three Gorges University,1204
Chung Yuan Christian University,402
Chengdu University of Technology,1659
University of Stavanger,1549
University of Camerino,-
Shanghai Ocean University,-
Kafkas University,-
"California State University, Fullerton",1215
Gdańsk University of Technology,1276
Lakehead University,756
Tianjin University of Science and Technology,1636
Humanitas University,-
TOBB University of Economics and Technology,-
Singapore Management University,-
Guilin University of Electronic Technology,-
Shiraz University of Medical Sciences,-
Tanta University,-
National University of Distance Education,1424
Babol Noshirvani University of Technology,-
Bohai University,1285
Kōchi University,-
Osnabrück University,-
Soongsil University,-
Jeju National University,-
China Jiliang University,-
Saga University,-
University of South Africa,945
Institute of Solid State Physics of the Russian Academy of Sciences,-
Anhui University of Technology,900
University of Bradford,326
Toulouse 1 Capitole University,-
Kuwait University,1260
Yantai University,-
University of Alabama in Huntsville,-
University of Foggia,-
Saitama University,949
Shenyang Pharmaceutical University,-
Tottori University,891
Tabriz University of Medical Sciences,-
Yangtze University,1040
University of Costa Rica,-
Royal Veterinary College,-
College of the Holy Cross,65
ESSEC Business School,66
Shanxi Medical University,-
Istanbul Bilgi University,-
Thapar Institute of Engineering and Technology,821
University of Jordan,-
Kanazawa Institute of Technology,-
University of Pau and Pays de l'Adour,-
University of the Ryukyus,-
École nationale vétérinaire d'Alfort,81
Southern Cross University,-
University of Missouri-St. Louis,392
University of Yaoundé I,-
Xi'an University of Architecture and Technology,1032
University of Carthage,-
University of Monastir,-
"Indian Institute of Science Education and Research, Kolkata",-
Lodz University of Technology,-
SUNY College of Environmental Science and Forestry,-
Indian Institute of Technology Hyderabad,-
University of Guadalajara,-
Asian Institute of Management,47
Özyeğin University,-
Democritus University of Thrace,-
University of the Aegean,-
"Indian Institute of Technology (Indian School of Mines), Dhanbad",714
Clark University,222
Showa University,726
South-Central Minzu University,1493
Hyogo College of Medicine,-
Shihezi University,-
Kwame Nkrumah University of Science and Technology,-
University of Central Lancashire,1355
Kurume University,-
National Taiwan Ocean University,1069
University of Malawi,-
North China University of Science and Technology,-
Atatürk University,1571
University of Limoges,-
University of Dayton,178
Fayoum University,-
Indian Institute of Technology Indore,-
University of South Alabama,-
Bowling Green State University,725
"California State University, Northridge",1182
University of Sharjah,-
Rowan University,-
Linnaeus University,-
Lanzhou University of Technology,-
Anglia Ruskin University,-
Chosun University,-
"National Institute of Technology, Rourkela",279
University of Namur,562
Istanbul Aydın University,-
SOAS University of London,974
Williams College,115
Autonomous University of Nuevo León,-
Leuphana University of Lüneburg,-
Inner Mongolia University,-
Nagasaki Institute of Applied Science,-
"University of Santiago, Chile",956
Al-Azhar University,1667
Jacobs University,-
Erzincan Binali Yıldırım University,-
University of Miyazaki,-
Shanghai Maritime University,484
Zhejiang Gongshang University,1376
University of Huddersfield,1613
Incheon National University,-
Uludağ University,-
Selçuk University,1488
University of Nairobi,1610
Fukushima Medical University,-
"University of Puerto Rico, Medical Sciences Campus",-
Kunming Medical University,-
"Birla Institute of Technology and Science, Pilani",439
B.I. Stepanov Institute of Physics of The National Academy of Sciences of Belarus,-
British University in Egypt,-
École des Hautes Études en Sciences Sociales,683
Cha University,-
University of Beira Interior,-
Pavol Jozef Šafárik University in Košice,-
Beijing University of Chinese Medicine,-
Beijing Technology and Business University,662
University of La Frontera,-
Shimane University,-
Oxford Brookes University,-
Shenyang Agricultural University,-
"Vietnam National University, Ho Chi Minh City",-
École de technologie supérieure,-
University of San Francisco,104
Dongguan University of Technology,-
Pomeranian Medical University in Szczecin,-
King Khalid University,-
Akdeniz University,-
Pontifical Catholic University of Valparaíso,-
Savitribai Phule Pune University,1254
Texas Christian University,-
Helwan University,-
Fukuoka University,-
Central Michigan University,923
Karadeniz Technical University,1189
Hebei Normal University,1096
North University of China,-
Transilvania University of Brașov,-
National University of Rosario,-
"Institute of Physics, Azerbaijan National Academy of Sciences",-
Medical University of Lublin,-
SRM Institute of Science and Technology,-
Ilia State University,-
Western Michigan University,1311
Army Engineering University of PLA,-
Beni Suef University,-
Taras Shevchenko National University of Kyiv,-
University of Veterinary Medicine Hanover,-
National Chengchi University,148
National Kaohsiung University of Science and Technology,1641
Doshisha University,128
Shandong University of Technology,1526
State University of Londrina,-
Hamad Bin Khalifa University,-
"École supérieure de chimie, physique, électronique de Lyon",962
Zhejiang Chinese Medical University,-
Indian Institute of Technology (BHU) Varanasi,573
Federal University of Technology - Paraná,-
Western Norway University of Applied Sciences,-
University of Occupational and Environmental Health Japan,-
Michoacán University of San Nicolás of Hidalgo,-
Guglielmo Marconi University,-
National Chung Cheng University,-
Alexandru Ioan Cuza University of Iaşi,-
Ball State University,520
XLRI - Xavier School of Management,54
University of Gondar,-
Peoples' Friendship University of Russia,899
Feng Chia University,485
National Institute of Amazonian Research (INPA),-
Kagawa University,1000
Tallinn University of Technology,-
Antonio Nariño University,-
Pontifical Catholic University of Rio Grande do Sul,964
Huzhou University,-
Vienna University of Economics and Business,166
Nova Southeastern University,1070
San Jose State University,995
University of Technology of Belfort-Montbéliard,-
Hunan University of Science and Technology,-
Montclair State University,1453
University of Indonesia,651
University of Isfahan,-
Kwansei Gakuin University,135
University of Avignon,-
Poznań University of Life Sciences,-
Trent University,1370
Poznań University of Technology,-
Taif University,-
Liaoning University,977
Medical University Sofia,-
Federal University of Sergipe,-
"California State University, Long Beach",1534
Hiroshima Institute of Technology,-
Menlo College,53
University of Latvia,-
Seoul National University of Science and Technology,-
De Montfort University,1478
Freiberg University of Mining and Technology,-
Tianjin Normal University,-
Cayetano Heredia Peruvian University,-
University of Agder,-
University of Minnesota Duluth,1358
Süleyman Demirel University,-
University of Warmia and Mazury in Olsztyn,-
University of Sannio,-
University of South Dakota,-
Ochanomizu University,-
Kyushu Institute of Technology,-
Middlesex University,1023
Hanken School of Economics,86
Carleton College,288
Government College University Faisalabad,-
University of Salford,1465
Institute of Tropical Medicine Antwerp,-
University of Kashan,-
University of Electro-Communications,-
V.A. Steklov Mathematical Institute of the Russian Academy of Sciences,-
University of Trás-os-Montes and Alto Douro,-
Hamburg University of Technology,-
University of Perpignan,-
Witten/Herdecke University,1323
Tamkang University,1280
"Indian Statistical Institute, Kolkata",-
Ontario Tech University,-
International Islamic University Malaysia,-
Imam Abdulrahman Bin Faisal University,-
Institute of Applied Physics of the Russian Academy of Sciences,-
Maria Curie-Skłodowska University,1458
Shanghai University of Electric Power,-
Indian Institute of Technology Bhubaneswar,-
Ariel University,-
Semnan University,-
Nagoya Institute of Technology,1471
Iuliu Hațieganu University of Medicine and Pharmacy,-
King Mongkut's University of Technology Thonburi,1419
Fırat University,-
University of Southern Mississippi,-
Harbin University of Science and Technology,-
Henan University of Technology,-
Guilin University of Technology,-
Zhengzhou University of Light Industry,1624
University of Évora,1550
Kookmin University,1420
University of Guilan,-
Lobachevsky University,1278
Baruch College,706
Sabancı University,1043
Hebei Agricultural University,-
Central South University of Forestry and Technology,-
Hamamatsu University School of Medicine,-
Near East University,1461
Hampton University,-
Zhongnan University of Economics and Law,136
Norwegian School of Sport Sciences,-
Open University of Catalonia,1697
Lincoln University,-
University of Zambia,-
"National Institute of Technology, Tiruchirappalli",295
Guangdong Medical University,-
Shiga University of Medical Science,-
Tamil Nadu Dr. M.G.R. Medical University,-
Sichuan Normal University,-
MARA University of Technology,-
Xinjiang Medical University,-
Taibah University,-
University of Tulsa,218
University of Rijeka,-
Wakayama Medical University,-
Clarkson University,902
Nanchang Hangkong University,1620
Foshan University,-
I-Shou University,-
University of Huelva,-
Shahid Bahonar University of Kerman,-
University of Lethbridge,-
Grinnell College,-
University of Toulouse-Jean Jaurès,-
Sheffield Hallam University,1660
Arts et Métiers Sciences et Technologies,408
Pontifical Javeriana University,1223
Oslo Metropolitan University,-
Central Queensland University,-
Technical University of Ilmenau,-
University of Kragujevac,-
Kyoto University of Education,-
University of Peshawar,-
N.N. Semenov Institute of Chemical Physics of the Russian Academy of Sciences,-
Nara Medical University,-
Pontifical Catholic University of Peru,1390
Southwest Medical University,-
Aichi Medical University,-
Kwangwoon University,1705
Xi'an University of Science and Technology,954
Lithuanian University of Health Sciences,-
University of Peradeniya,-
Razi University,-
Texas Tech University Health Sciences Center,-
University of Valparaíso,-
Jamia Millia Islamia,1625
Ondokuz Mayıs University,-
National University of the Littoral,-
Thammasat University,463
Kingston University,536
Changchun University of Science and Technology,-
Georgian Technical University,-
Xi'an Jiaotong-Liverpool University,-
Urmia University,-
Medical University of Białystok,-
Mimar Sinan Fine Arts University,-
ISCTE – University Institute of Lisbon,607
Sapporo Medical University,-
CY Cergy Paris University,-
Indian Institute of Technology Gandhinagar,-
Menoufia University,-
Suranaree University of Technology,-
Slovak University of Technology in Bratislava,-
Guangdong Pharmaceutical University,-
Illinois State University,774
Linyi University,-
Bu-Ali Sina University,-
Benha University,-
Chapman University,1073
Free University of Bozen-Bolzano,-
Federal Rural University of Pernambuco,-
Payame Noor University,-
Shanghai University of Engineering Science,1609
Cleveland State University,805
Mendel University in Brno,-
University of Guanajuato,1403
"California State University, Los Angeles",887
Pontifical Catholic University of Rio de Janeiro,362
Iwate Medical University,-
Glasgow Caledonian University,-
Eastern Virginia Medical School,-
Xinxiang Medical University,-
DePaul University,611
Nelson Mandela University,1379
Jiangxi University of Science and Technology,1671
Claremont Graduate University,-
Minia University,-
Institute for Pure and Applied Mathematics (IMPA),-
China West Normal University,-
University of Ruhuna,-
Bharathiar University,1369
Krasnoyarsk Science Center of the Siberian Branch of the Russian Academy of Sciences,-
Utah Valley University,-
Yuan Ze University,-
University of Massachusetts Dartmouth,1321
Guizhou Medical University,-
University of Leoben,1393
Kyorin University,-
University of the West of Scotland,1267
Catholic University of the North,-
Nazarbayev University,-
Bahçeşehir University,-
Reed College,1261
Wonkwang University,-
University of Trier,-
Bahauddin Zakariya University,-
National University of Cuyo,-
International University of Health and Welfare,-
BI Norwegian Business School,443
University of Malta,-
Agricultural University of Athens,-
Rikkyo University,400
University of the Philippines Manila,986
University of Niš,-
Estonian University of Life Sciences,-
Suzhou University of Science and Technology,-
Catholic University of Portugal,650
Diego Portales University,-
"University of San Francisco, Quito",-
"California State University, Sacramento",592
Chongqing Technology and Business University,-
University of Québec at Trois-Rivières,-
Kafrelsheikh University,-
Yunnan Normal University,-
Yazd University,-
University of North Carolina Wilmington,-
Pontifical Catholic University of Paraná,1652
Jiaxing University,-
Trinity University,172
National University of Mar del Plata,-
Federal University of Rio Grande,-
G.K. Boreskov Institute of Catalysis of the Siberian Branch of the Russian Academy of Sciences,-
Myongji University,1647
Federation University Australia,-
Ohio Wesleyan University,157
Western Washington University,1283
Prince Sattam Bin Abdulaziz University,-
Georgia Southern University,-
University of Agriculture in Krakow,-
Necmettin Erbakan University,-
Westlake University,-
Laurentian University,409
Amrita Vishwa Vidyapeetham,-
Ibaraki University,-
Appalachian State University,1112
Fairfield University,489
Sookmyung Women's University,981
St. Marianna University School of Medicine,-
Gangneung-Wonju National University,-
University of Health Sciences,-
European University Institute,-
University of Molise,-
"Goldsmiths, University of London",-
University of Fukui,-
University of Dhaka,-
Tzu Chi University,-
Roskilde University,-
Indian Institute of Management Calcutta,72
Kocaeli University,-
Jiangxi Agricultural University,-
Space Research Institute of the Russian Academy of Sciences,-
"Queens College, City University of New York",860
A.A. Kharkevich Institute for Information Transmission Problems of the Russian Academy of Sciences,-
Cyprus University of Technology,-
Malmö University,-
Kermanshah University of Medical Sciences,-
Jilin Agricultural University,-
Umm Al-Qura University,-
Xinyang Normal University,-
Ludong University,-
Southern Federal University,-
Shanxi Agricultural University,-
University of La Rioja,-
Federal University of Mato Grosso,-
Ningxia University,-
University of Koblenz-Landau,-
Chengdu University,-
Comillas Pontifical University,138
Hubei University of Technology,-
Kongju National University,-
PETRONAS University of Technology,-
University of Cassino and Southern Lazio,-
Hongik University,998
University of Zielona Góra,-
Mekelle University,-
University of Kurdistan,-
Doğuş University,-
Alfaisal University,-
Irkutsk Scientific Center of the Siberian Branch of the Russian Academy of Sciences,-
Shanghai Institute of Technology,-
James Madison University,739
University of South-Eastern Norway,-
Jimma University,-
Harokopio University,-
Industrial University of Santander,-
Marshall University,471
University of Notre Dame Australia,-
Chongqing Normal University,-
University of International Business and Economics,420
Federal University of Triângulo Mineiro,-
University of Westminster,1216
University of Zimbabwe,1157
National Dong Hwa University,-
Central European University,-
Institute for Nuclear Research of the National Academy of Sciences of Ukraine,-
Ahvaz Jundishapur University of Medical Sciences,-
Central University of Finance and Economics,527
Akita University,-
Wrocław University of Environmental and Life Sciences,-
University of Nigeria,1676
Kansai Medical University,-
Mae Fah Luang University,-
Eulji University,-
St. John's University,216
University of Jammu,-
Dongbei University of Finance and Economics,155
Polytechnic Institute of Porto,-
M.M. Shemyakin and Y.A. Ovchinnikov Institute of Bioorganic Chemistry of the Russian Academy of Sciences,-
Autonomous University of Chile,-
Kennesaw State University,-
Polytechnic University of Cartagena,-
Liaoning Normal University,1218
New Mexico Institute of Mining and Technology,-
Eskişehir Osmangazi University,-
Liaoning University of Technology,-
Qingdao University of Technology,-
Manisa Celal Bayar University,-
V.M. Glushkov Institute of Cybernetics of the National Academy of Sciences of Ukraine,-
Mazandaran University of Medical Sciences,-
Technical University of Ostrava,648
East Tennessee State University,-
Sohag University,-
South Dakota School of Mines and Technology,-
Anhui University of Science and Technology,1219
Ningxia Medical University,-
Brooklyn College,1614
Jazan University,-
Dokkyo Medical University,-
East China University of Technology,-
Embry-Riddle Aeronautical University,1500
Taizhou University,-
College of Charleston,-
Catholic University of Daegu,-
University of Mazandaran,-
Sakarya University,-
University of Talca,-
Kawasaki Medical School,-
University of the Highlands and Islands,-
Yancheng Institute of Technology,-
Tribhuvan University,-
Iwate University,-
Cracow University of Technology,-
Edinburgh Napier University,-
Binzhou Medical University,-
Jackson State University,-
University of Toulon,-
Anadolu University,-
University of the Philippines Diliman,-
Karlstad University,1289
East China Jiaotong University,1445
Federal University of Ouro Preto,-
Idaho State University,-
A.M. Prokhorov General Physics Institute of the Russian Academy of Sciences,-
Federal University of Alagoas,-
Sanjay Gandhi Postgraduate Institute of Medical Sciences,-
Chengdu University of Information Technology,1606
Harbin Normal University,1538
Technological Institute of Aeronautics,156
Cooper Union,675
University of Bialystok,-
Tunghai University,1401
University of Science and Technology Liaoning,824
Jönköping University,1553
"Institute of Chemical Technology, Mumbai",-
Hubei University of Medicine,-
Suez University,-
Kettering University,79
Riga Technical University,-
University of Rzeszów,-
Air Force Engineering University,-
University of Bergamo,-
Autonomous University of Sinaloa,-
Shanxi Normal University,-
Union College,126
Meiji University,657
Çankaya University,-
"West Pomeranian University of Technology, Szczecin",-
"Indian Institute of Science Education and Research, Bhopal",-
Shaoxing University,-
IHE Delft Institute for Water Education,-
Oita University,-
Punjab Agricultural University,-
Wuhan Textile University,-
Dalian Polytechnic University,1206
National University of the South,-
SASTRA,-
Jiangxi University of Finance and Economics,733
Towson University,795
Kaunas University of Technology,-
"Institute of Physical Chemistry, Polish Academy of Sciences",-
University of Lagos,-
Franklin & Marshall College,549
Japan Advanced Institute of Science and Technology,-
Mediterranean University of Reggio Calabria,-
Polytechnic University of Hauts-de-France,-
Shiraz University of Technology,-
Ahmadu Bello University,1411
La Rochelle University,-
Naval Postgraduate School,1083
Pamukkale University,-
University of Nova Gorica,-
Kyoto Sangyo University,1240
Saint Mary's University,1273
Chengdu University of Traditional Chinese Medicine,-
Mid Sweden University,1631
WHU – Otto Beisheim School of Management,114
Federal University of Piauí,-
A.N. Nesmeyanov Institute of Organoelement Compounds of the Russian Academy of Sciences,-
Lebanese University,-
Bandung Institute of Technology,550
Rajiv Gandhi University of Health Sciences,-
University of Ostrava,-
Institute of Ecology (INECOL),-
American University in Cairo,235
University of Rajasthan,1655
University of Karachi,-
University of Alaska Anchorage,-
Federal University of Campina Grande,-
Hanoi University of Science and Technology,-
"Indian Institute of Science Education and Research, Mohali",-
University of Madras,560
Far Eastern Federal University,-
Qassim University,-
Institute for Scintillation Materials,-
Nara Women's University,-
ESCP Business School,97
Baqiyatallah University of Medical Sciences,-
Shahrood University of Technology,-
National Defense Medical College,-
Federal Rural University of Rio de Janeiro,-
University of Valle,-
Guru Nanak Dev University,1540
Hankuk University of Foreign Studies,363
University of South Wales,720
N.D. Zelinsky Institute of Organic Chemistry of the Russian Academy of Sciences,-
Muhimbili University of Health and Allied Sciences,-
Qinghai University,-
Eastern Mediterranean University,-
Başkent University,1402
Bond University,1399
Josip Juraj Strossmayer University of Osijek,-
"Victor Babeș University of Medicine and Pharmacy, Timișoara",-
Adolfo Ibáñez University,741
University of Sousse,-
Mälardalen University,-
University of Science and Technology Houari Boumediene,-
Reichman University,513
Institut supérieur de l'aéronautique et de l'espace,180
National Yunlin University of Science and Technology,-
Leeds Beckett University,-
"Indian Institute of Science Education and Research, Thiruvananthapuram",-
"University of Puerto Rico, Río Piedras Campus",-
Dalarna University,-
Florida Agricultural and Mechanical University,-
Federal University of Amazonas,-
Kyoto Institute of Technology,-
Hamilton College,255
Inner Mongolia Agricultural University,894
University of Technology of Compiègne,-
Kharazmi University,-
University of Burgos,-
An-Najah National University,-
University of Veracruz,-
Bahir Dar University,-
Northeast Petroleum University,1631
Technical University of Crete,-
Drew University,606
Huaiyin Normal University,-
Yasouj University,-
Sinop University,-
Siberian Federal University,1672
University of La Réunion,-
"Graduate School & Training Center, Research Institute of Petroleum Exploration and Development",71
Giresun University,-
Jianghan University,-
Zunyi Medical University,-
University of Sonora,-
University of Shizuoka,1127
Lanzhou Jiaotong University,-
Hebei University of Science and Technology,-
Gadjah Mada University,-
Nanjing University of Finance & Economics,-
Kanagawa University,-
University of Wolverhampton,-
Hanoi Medical University,-
National Chiayi University,-
Çağ University,-
A.V. Nikolaev Institute of Inorganic Chemistry of the Siberian Branch of the Russian Academy of Sciences,-
Indian Institute of Technology Ropar,-
University of Tabuk,-
University of Winnipeg,-
University of Artois,-
Gansu Agricultural University,-
University of New Orleans,-
King Faisal University,-
Kerman University of Medical Sciences,-
University of Malaysia Pahang,-
İnönü University,-
National United University,-
"Institute of Physics, Polish Academy of Sciences",-
Wellesley College,779
Wuyi University,-
IFP School,73
Huaibei Normal University,-
South Ural State University,1134
Ss. Cyril and Methodius University in Skopje,-
Hunan University of Technology,-
Zurich University of Applied Sciences (ZHAW),909
Technical University of Košice,-
Guangdong Ocean University,-
"University of Djillali Liabès, Sidi Bel-Abbès",-
Chongqing Jiaotong University,-
University of Arkansas at Little Rock,1322
Van Yüzüncü Yıl University,-
Bharathidasan University,-
Gebze Technical University,-
